English,Arabic,Dialect
is sitting/doing,yajlis / yafeal,Fushaa
firm,sharika,Fushaa
tough,qas,Fushaa
coffee,qahwa,Fushaa
moon,alqamar,Fushaa
law,qanun,Fushaa
family,al'usra,Fushaa
relitives,nisbiun,Fushaa
close,'aghliq,Fushaa
shortly (time),qariban (time),Fushaa
soon/close,qryban / qarib,Fushaa
short,qasira,Fushaa
strong,qawiun,Fushaa
is doing,hu fiel,Fushaa
news,al'iikhbaria,Fushaa
in front (of),'amama),Fushaa
what time is it?,'ayu saeatin?,Fushaa
leg,saq,Fushaa
loaf,raghif,Fushaa
glass,zujaj,Fushaa
arm,dhirae,Fushaa
hand,kuff,Fushaa
right hand,alyad alyumnaa,Fushaa
left hand,alyad alyusraa,Fushaa
sister,'ukht,Fushaa
power,qua,Fushaa
close(ness),qarib (nis),Fushaa
Don't you ever../Watch out (for),la tafeal 'abadan ../ ahtaris (l),Fushaa
on/at  (but can have many other meanings),on / at (wlkin yumkin 'an yakun laha aleadid min almaeani al'ukhraa),Fushaa
amount,miqdar,Fushaa
big amount,kamiyat kabira,Fushaa
small amount,kamiyat saghira,Fushaa
Its ok/not bad/normal,la bas / lays sayiyan / eadi,Fushaa
ordinary,eadi,Fushaa
at 2,fi 2,Fushaa
eye,euyin,Fushaa
at least,ealaa al'aqali,Fushaa
at least,ealaa al'aqali,Fushaa
relationship,sila,Fushaa
at 1,fi 1,Fushaa
I'm dying from the..,'ana 'amut man ..,Fushaa
uncle,akhw alam,Fushaa
about,hawl,Fushaa
on purpose,ean qasd,Fushaa
(an) offer,(eirid,Fushaa
straight,mustaqim,Fushaa
dinner,wajbat easha',Fushaa
on your left,ealaa yasarik,Fushaa
in the morning,fi alsabah,Fushaa
out of order,kharij ean alsaytara,Fushaa
dark (light wise),alzalam (khfif alhikmati),Fushaa
at 8,fi 8,Fushaa
always,daymaan,Fushaa
glasses,nazaarat,Fushaa
on your right,'iinah ealaa yaminik,Fushaa
on a visit,fi ziara,Fushaa
box,eulba,Fushaa
package,hizma,Fushaa
You have?,eindaka?,Fushaa
address,tabuk,Fushaa
title,laqab,Fushaa
wedding,hafl zawaj,Fushaa
life(time),hayaatun),Fushaa
brother,shaqiq,Fushaa
enough,kafi,Fushaa
that’s it/that’s enough/stop!,hadha kulu shay' / hadha yakfi / tawaqaf!,Fushaa
stay,yaqdi,Fushaa
lets meet..,falinaltaqi..,Fushaa
map,kharita,Fushaa
lettuce,khas,Fushaa
wood,khashab,Fushaa
dangerous,khatir,Fushaa
mr.-mister,alsayid alsayid,Fushaa
baker,khabaz,Fushaa
bread,raghif alkhubz,Fushaa
service,alkhadamat,Fushaa
old man/woman,rajul eajuz / amra'a,Fushaa
amazed at me ((he/she) was),mundahish miniy ((hu / hi) kan),Fushaa
vegetables,khadrawat,Fushaa
real,haqana,Fushaa
really/truthfully,haqana / bisidaq,Fushaa
wall,hayit,Fushaa
pill,haba,Fushaa
my darling,ya eazizaa,Fushaa
beside,bijanib,Fushaa
ready,jahiz,Fushaa
someone,shakhsan ma,Fushaa
does someone want…?,hal yurid shakhs ma...?,Fushaa
concert/party,haflat musiqiat / hafla,Fushaa
party,hafl,Fushaa
life,alhayaa,Fushaa
animal,hayawan,Fushaa
right now…,faa alhali...,Fushaa
milk,halib,Fushaa
energy/excitement,altaaqat / al'iithara,Fushaa
forbiden,yahzur,Fushaa
how forbiden (he/she/they) is/are,kayf yahram (hw / hi / hum),Fushaa
how sad!,kam hadha muhzina!,Fushaa
you are mean!,ant munhati!,Fushaa
fever,huma,Fushaa
temperature,darajat alharara,Fushaa
pregnant,hamil,Fushaa
lovely,mahbub,Fushaa
sweet/beautiful,hulw / jamil,Fushaa
border,alhudud,Fushaa
free,majaanan,Fushaa
costly,mukalifa,Fushaa
lunch,ghada',Fushaa
dark (color wise),ghamiq (lun hakimi),Fushaa
another,akhir,Fushaa
other (than),ghayr dhalika),Fushaa
wrong!,khati - zulm - yazlimu!,Fushaa
mistake,khata,Fushaa
mistake (from you),khata (minka),Fushaa
mistake (from me),khata (mini),Fushaa
rich,thari,Fushaa
west,algharb,Fushaa
foreign,'ajnabiun,Fushaa
strange,gharib,Fushaa
strange,gharib,Fushaa
strange/how strange?,gharib / kif ghirib?,Fushaa
song,'ughnia,Fushaa
living room,ghurfat almaeisha,Fushaa
room,majal,Fushaa
living room,ghurfat almaeisha,Fushaa
bedroom,ghurfat nawm,Fushaa
blind,'aemaa,Fushaa
give,yuetaa,Fushaa
green,lawn 'akhdar,Fushaa
red,'ahmar,Fushaa
feeling,shueur,Fushaa
better,'afdil,Fushaa
before,qabl,Fushaa
white,'abyad,Fushaa
old,qadim,Fushaa
last,alakhir,Fushaa
last thing/one,akhar shay' / wahid,Fushaa
stupid,ghabiun,Fushaa
yes indeed,naeam bialfiel,Fushaa
when?/what time?,eindama waqt ma?,Fushaa
"No doubt,Sure thing!",la shaka shay' 'akidu!,Fushaa
food,ghidha',Fushaa
certain,takid,Fushaa
definitely,bialtaaakid,Fushaa
sure!,bialtaakidi!,Fushaa
sure??,bialtaakidi??,Fushaa
German man/woman,rajul / amra'at 'almania,Fushaa
American man/woman,rajul / aimra'at 'amrikia,Fushaa
prince,'amir,Fushaa
(the) worst..thing,(al) al'aswa .. shay',Fushaa
I am free to do as I wish!,'ana hurun fi 'an 'afeal ma yahlu lay!,Fushaa
I want please..,'urid arda'a..,Fushaa
english,al'iinjilizia,Fushaa
bottle,zujajatan,Fushaa
bottle of water,qarurat ma',Fushaa
or,'aw,Fushaa
lion,'asad,Fushaa
yellow,al'asfar,Fushaa
black,'aswad,Fushaa
moterway/highway,altariq alsarie / altariq alsarie,Fushaa
You say so?,taqul dhalika?,Fushaa
blue,'azraq,Fushaa
blue,'azraq,Fushaa
at,fi,Fushaa
cow,baqara,Fushaa
after,"baeda, baedama",Fushaa
Its Early! (sarcasm when someone is late),'iinah mubakirun! (sukhariat eindama yata'akhar shakhs ma),Fushaa
sometimes,baed al'ahyan,Fushaa
afterwards/later,baed dhalik / lahqan,Fushaa
cheap (person),shakhs rakhisun),Fushaa
beach,shati bahr,Fushaa
sea,bahr,Fushaa
dad,baba,Fushaa
father,alab,Fushaa
suit,tunasib,Fushaa
door,bab,Fushaa
egg,bayda,Fushaa
house,bayt,Fushaa
early,mubakir,Fushaa
out,kharij,Fushaa
just/enough,yakfaa,Fushaa
only,faqat,Fushaa
unfortunately,lisu' alhazi,Fushaa
fun,marah,Fushaa
potatos,albatata,Fushaa
slow,bati',Fushaa
away,bueid,Fushaa
far,bueid,Fushaa
baby,tifl,Fushaa
inside(as in domestic),dakhil (kuma hu alhal fi almahaliy),Fushaa
it must be!,yajib an yakunu!,Fushaa
without,bidun,Fushaa
in particular,khasah,Fushaa
outside(as in abroad),fi alkharij (kuma fi alkhariji),Fushaa
especially,khasatan,Fushaa
country,balad,Fushaa
at home,faa almanzil,Fushaa
indeed,fi alwaqie,Fushaa
(at) night,(fi allayl,Fushaa
in the city,fi almadina,Fushaa
undergoing repair,yakhdae lil'iislah,Fushaa
building,bina',Fushaa
brown,bunaa,Fushaa
daughter/girl,abnat / fata,Fushaa
gasoline/petrol,albinzin / albinzin,Fushaa
fridge,thalaaja,Fushaa
curtain,sitara,Fushaa
program,barnamaj,Fushaa
hat,qubea,Fushaa
precisely,ealaa wajh altahdid,Fushaa
in,fi,Fushaa
near,qurb,Fushaa
concerning,bikhusus,Fushaa
bicycle,daraaja,Fushaa
beer,bira,Fushaa
card,bitaqa,Fushaa
in the evening,eind almasa',Fushaa
girl,fatatan,Fushaa
cat,qita,Fushaa
exactly,bialdabt,Fushaa
paint,rasim,Fushaa
Good day,yawm jayid,Fushaa
shoe,hidha',Fushaa
shoes,'ahdhia,Fushaa
tomorrow,alghad,Fushaa
excellent for you,mumtaz lak,Fushaa
excellent,mumtaz,Fushaa
British man/woman,rajul britaniun / amra'a,Fushaa
bus,'uwtubis,Fushaa
gift,hadiat majaania,Fushaa
present,alhalia,Fushaa
Canadaian  man/woman,rajul / amra'at kanadiun,Fushaa
hat,qubea,Fushaa
shirt,qamis,Fushaa
chocolate,shwkulata,Fushaa
cinema,sinima,Fushaa
computer,alhasub,Fushaa
tie,rabtat eunuq,Fushaa
called (as in...so and so called),yusamaa (kama fi ... fulan wama yusamaa),Fushaa
called (I called),dueit (aitasalt),Fushaa
week (power),'usbue (quatun),Fushaa
gold (material),dhahab (mada),Fushaa
gold (color),aldhahab (alluwn),Fushaa
back,ala alkhalf,Fushaa
outing,nuzha,Fushaa
always,daymaan,Fushaa
necessary,min aldarurii,Fushaa
light,khafifa,Fushaa
light (brightness),daw' (stue),Fushaa
switch on,shughil,Fushaa
smoke (particles),dukhan (jsimatu),Fushaa
(a)shop,(matjar,Fushaa
supermarket,subar markit,Fushaa
studies,dirasat,Fushaa
commercials,aeilanat tijaria,Fushaa
commercial,tijari,Fushaa
religion,din,Fushaa
doctor,tabib,Fushaa
against,dida,Fushaa
shower,dush,Fushaa
a possiblity,'iimkania,Fushaa
son,abn,Fushaa
scarf,washah,Fushaa
proposal,aiqtirah,Fushaa
the,al,Fushaa
(the) people,(alnaas,Fushaa
the world/the people,alealam / alnaas,Fushaa
(the) family,(aleayila,Fushaa
the family,aleayila,Fushaa
autumn,kharif,Fushaa
the others,alakharun,Fushaa
first,'awal,Fushaa
the first,al'awal,Fushaa
(the) human being,(alansan,Fushaa
it seems to be!,yabdu 'anahu!,Fushaa
everyone,kulu wahid,Fushaa
except/minus,biastithna' / naqis,Fushaa
minus,naqis,Fushaa
consumer (the consumer),almustahlik (almustahliki),Fushaa
people..typically (to teach a lesson),alnaas .. namatia (ltaelim diris),Fushaa
today,alyawm,Fushaa
yesterday,fi alamis,Fushaa
wine,nabidh,Fushaa
(the) people,(alnaas,Fushaa
you are,'ant,Fushaa
that,aladhi - alati,Fushaa
(the) radio,(alraadyu,Fushaa
the radio,alraadyu,Fushaa
spring,yanbue,Fushaa
(the) time,(alwaqt,Fushaa
summer,alsayf,Fushaa
week (calender),'usbue (taqwimi),Fushaa
the sun,alshams,Fushaa
winter,alshita',Fushaa
name,asm,Fushaa
the morning,alsabah,Fushaa
Spanish man/woman,rajul asbaniun / aimra'a,Fushaa
teacher,muealim,Fushaa
healing/medical aid,alshifa' / almusaeidat altibiya,Fushaa
(the)weather,(alju,Fushaa
the following,ma yali,Fushaa
look!,nazratun!,Fushaa
exam,amtihan,Fushaa
if otherwise/if not,'iidha kan khilaf dhalik / 'iidha lam yakun kadhalik,Fushaa
it appears to be!,yabdu 'ana!,Fushaa
poor,faqir,Fushaa
empty,farigha,Fushaa
not busy/empty,ghayr mashghul / farigh,Fushaa
light (color),lawn fatihi),Fushaa
suddenly,faj'atan,Fushaa
moth,hasharat aleita,Fushaa
silver (material),alfida (almawadi),Fushaa
silver (color),alfida (alluwn),Fushaa
understand?,tafahma?,Fushaa
chance,sudfa,Fushaa
holiday,yawm alajaza,Fushaa
fruit,fakiha,Fushaa
there is (available),hunak (mtahi),Fushaa
there is…,yujadu...,Fushaa
service (at the service..Of),alkhidma (fi alkhidma .. min),Fushaa
its possible,anah mumkin,Fushaa
in,fi,Fushaa
in case,fi hal,Fushaa
anyway/anyhow,ealaa 'ayi hal / ealaa 'ayi hal,Fushaa
idea,fikra,Fushaa
dress,fustan,Fushaa
above,fi alaealaa,Fushaa
up/ up stairs/ above,fawq / fawq aldaraj / fawq,Fushaa
immediately,fi alhal,Fushaa
change (pocket change..coins),taghyir (taghyir aljib .. eumlat maediniatun),Fushaa
French man/woman,rajul faransiun / amra'a,Fushaa
waiter/boy,nadil / wulid,Fushaa
cake,kik,Fushaa
chocolate cake,kaekat alshuwkulata,Fushaa
carrort cake,kaekat karurt,Fushaa
apple cake,kaekat altufaah,Fushaa
until…,hataa...,Fushaa
darling,habibi,Fushaa
goal,hadaf,Fushaa
easy,sahl,Fushaa
now,haliana,Fushaa
rights,huquq,Fushaa
here,huna,Fushaa
there (over there),hunak (hunaka),Fushaa
nieghbor,nighbur,Fushaa
group,majmuea,Fushaa
audience,jumhur,Fushaa
beautiful,jamila,Fushaa
garden,hadiqa,Fushaa
jacket,alsutra,Fushaa
newspaper,jarida,Fushaa
an answer,'iijaba,Fushaa
carrot,jazra,Fushaa
mountains,aljibal,Fushaa
cheese,jubnuh,Fushaa
grandpa,aljadu,Fushaa
new,aljadid,Fushaa
jedou,jidu,Fushaa
leather,jalad,Fushaa
sentence,jumlat aw hukim ealaa,Fushaa
south,janub,Fushaa
bridge,kubri,Fushaa
part,juz',Fushaa
get,aihsul ealaa,Fushaa
skirt,tanuwra,Fushaa
coat,mietaf,Fushaa
complete,muktamil,Fushaa
writer,katib,Fushaa
author,mualif,Fushaa
dog,kalb,Fushaa
how many?/how much?,kam aleadad kam alkamayhi?,Fushaa
also,ayidan,Fushaa
as well,kadhalik,Fushaa
too/also,'aydan / 'aydan,Fushaa
furthermore..,eilawatan ealaa dhalika..,Fushaa
kind/generous,tyib / karim,Fushaa
cruise,rihlat bahria,Fushaa
big,kabir,Fushaa
large,kabir,Fushaa
everytime,kulu marih,Fushaa
everything,kulu shaa',Fushaa
all/everybody,alkulu / aljamie,Fushaa
word,kalima,Fushaa
all of us together!,kuluna maea!,Fushaa
chair,kursiun,Fushaa
lie,yakdhib,Fushaa
lie (white),kidhba (bayda'a),Fushaa
lie (black),kidhib ('asudu),Fushaa
cup,finjan,Fushaa
how/how come?,kayf / kayf yahduth dhalika?,Fushaa
how?,kayf?,Fushaa
every now and then,bayn alfaynat wal'ukhraa,Fushaa
book,alkitab,Fushaa
many/a lot,kathir / kathir,Fushaa
much,kathir,Fushaa
often,ghalbaan,Fushaa
very,jdaan,Fushaa
for,'iilaa ean ealaa,Fushaa
why?/for what?,limadha? / limadha?,Fushaa
to/for,ll,Fushaa
No!,raqm!,Fushaa
mean person,layiym alshakhs,Fushaa
meet me at the..,qabalani fi ..,Fushaa
by him/her self,min janibih / binafsiha,Fushaa
butcher,qisab,Fushaa
meat,lahm,Fushaa
moment,lahza,Fushaa
moment (one),lahza (wahidatun),Fushaa
should/what should be,yajib / madha yajib 'an yakun,Fushaa
why?,limadha a?,Fushaa
look(here)/listen up!,anzur (hna) / astame!,Fushaa
night,layl,Fushaa
(a) night,('a) allayl,Fushaa
once/whenever,maratan wahidatan / fi 'ayi waqt,Fushaa
alone,wahdah,Fushaa
color,allawn,Fushaa
The Country (Lebanon),albalad (libnan),Fushaa
Lebanese  man/woman,rajul lubnaniun / aimra'a,Fushaa
sadly,lil'asaf,Fushaa
Both/the two,kilahuma / aliaithnan,Fushaa
so/that’s why,lidhalik / lihadha alsabab,Fushaa
no one,la ahid,Fushaa
They do not say…(It's wrong to say),la yaqulun ... (man alkhata alqawla),Fushaa
there is no…,la yujadu...,Fushaa
no way!,mustahila!,Fushaa
nothing,wala shay',Fushaa
with,mae,Fushaa
meaning,almaenaa,Fushaa
exit,khuruj,Fushaa
station/chanel,mahatat / shanil,Fushaa
water,ma',Fushaa
worn out,mutahak,Fushaa
entrance,madkhal,Fushaa
opened,aiftutih,Fushaa
dead,fi dhimat allah taealaa,Fushaa
side,janib,Fushaa
magazine,majala,Fushaa
famous,mashhur,Fushaa
office,maktab,Fushaa
library,maktaba,Fushaa
letter,risala,Fushaa
spoon,mileaqa,Fushaa
mom,'umiy,Fushaa
mother,'um,Fushaa
nose,al'anf,Fushaa
area,mintiqa,Fushaa
region,mintiqa,Fushaa
view/sight,eard / albasar,Fushaa
nice sight,mashhad jamil,Fushaa
hello,'ahlan,Fushaa
period/interval,alfatrat / alfasil alzamaniu,Fushaa
ill,sawf,Fushaa
woman,alnisa',Fushaa
evening,akhir alnahar,Fushaa
money,mal,Fushaa
busy,mashghul,Fushaa
towel,munshafa,Fushaa
restaurant,mateam,Fushaa
restaurant,mateam,Fushaa
museum,muthaf,Fushaa
airport,matar,Fushaa
example,mithal,Fushaa
role model,qudwa,Fushaa
for example,famathalan,Fushaa
kitchen,matbakh,Fushaa
appointment,maweid,Fushaa
TV/(petrol) station,mahatat tilifizyun / (binzin),Fushaa
city,madina,Fushaa
key,miftah,Fushaa
polite,muadib,Fushaa
full/full of,mumtali / mumtali bi,Fushaa
from,man,Fushaa
since,hayth,Fushaa
through/via,min khilal / eabr,Fushaa
clear (its clear),wadih (wadihi),Fushaa
from a while,mundh hin,Fushaa
from a while,mundh hin,Fushaa
angry,ghadib,Fushaa
angry from me,ghadib miniy,Fushaa
good,jyid,Fushaa
nice/good,"jid, hasan",Fushaa
well,nahn sawf,Fushaa
mirror,mura,Fushaa
thank you,shukran lak,Fushaa
thank you very much,shukran jazilan lak,Fushaa
closed,mughlaq,Fushaa
not,lays,Fushaa
I don't mean that,la 'aqsid dhalik,Fushaa
familiar,maeruf,Fushaa
not your business,lays min shanik,Fushaa
problem,mushkila,Fushaa
crisis/problem,'azmat / mushkila,Fushaa
when,mataa,Fushaa
late,muta'akhir,Fushaa
a while/era,fatrat / easr,Fushaa
whoever..,'ayana kan ..,Fushaa
who?,munazamat alsihat alealamiati?,Fushaa
hospital,mustashfaa,Fushaa
just like you (in this),mithluk tmaman (fi hadha),Fushaa
drugs,almukhadirat,Fushaa
shut,aghlaq,Fushaa
teacher,muealim,Fushaa
carpet,sajada,Fushaa
engine,muharik,Fushaa
(a)plan,(khuta,Fushaa
boss/director/manager,rayiys / mudir / mudir,Fushaa
manager,'iidara,Fushaa
citizen,muatin,Fushaa
occasion,munasabat,Fushaa
music,musiqaa,Fushaa
yes/ya,naeam / naeam,Fushaa
evil,shar,Fushaa
fat man/women,rajul samin / amra'a,Fushaa
soft,lyn,Fushaa
dry,jaf,Fushaa
(a) wait,('a) antazir,Fushaa
because,lan,Fushaa
argument,jidal,Fushaa
end,nihaya,Fushaa
order (law),'amr (qanuni),Fushaa
half,nisf,Fushaa
orange,alburtuqaliu,Fushaa
pants,bintal,Fushaa
trousers,bantalun,Fushaa
excuse me,eafwan,Fushaa
wig,shier mustaear,Fushaa
pool,hamaam sibaha,Fushaa
please,min fadlik,Fushaa
number,raqm,Fushaa
cheap (product),rakhis (almuntaji),Fushaa
pleasure,bikuli surur,Fushaa
head,ras,Fushaa
potato,albatatis,Fushaa
drawing,rasim,Fushaa
thin,nahif,Fushaa
cheap price,sier rakhis,Fushaa
journey,rihla,Fushaa
quarter of an hour,rubue saea,Fushaa
reaction,tafaeul,Fushaa
friends,'asdiqa',Fushaa
friend,sadiq,Fushaa
man,rajul,Fushaa
friends,'asdiqa',Fushaa
message,risala,Fushaa
note,mulahaza,Fushaa
sport,riada,Fushaa
sporty,riadi,Fushaa
go,yadhhab,Fushaa
Russian man/woman,rajul / amra'at rusia,Fushaa
ask (he/she),ais'al (hu / hi),Fushaa
ceiling,alsaqf,Fushaa
roof,saqf,Fushaa
piece,qitea,Fushaa
correct,sahih,Fushaa
right (that's),sahih (hdha),Fushaa
true/correct,sahih / sahih,Fushaa
plate,lawha,Fushaa
small,saghir,Fushaa
Good morning,sabah alkhayr,Fushaa
boy,sabiun,Fushaa
clock,saeat hayit,Fushaa
clock/watch,saeat / saea,Fushaa
hour,saea,Fushaa
watch,raqib,Fushaa
classroom,qaeat aldirasa,Fushaa
queue,tabur,Fushaa
school class/queue,fiat almadrasat / qayimat aliantizar,Fushaa
travel/a trip,safar / rihla,Fushaa
staying up late,alsahar,Fushaa
flat land,'ard mustawia,Fushaa
late night party/outing,haflat / nuzhat fi waqt muta'akhir min allayl,Fushaa
bad,sayiy,Fushaa
traffic,harakat almurur,Fushaa
tree,shajara,Fushaa
salad,sulta,Fushaa
fish,samak,Fushaa
fast,sarie,Fushaa
quick,sarie,Fushaa
quickly,bisurea,Fushaa
together,meaan,Fushaa
suger,suger,Fushaa
knife,sikiyn,Fushaa
thick,samik,Fushaa
north,shamal,Fushaa
year,eam,Fushaa
thief,ls,Fushaa
hair,shaer,Fushaa
person,shakhs,Fushaa
boat,qarib,Fushaa
ship,safina,Fushaa
tea,shay,Fushaa
tea,shay,Fushaa
teen,fi sini almurahaqa,Fushaa
teen,fi sini almurahaqa,Fushaa
teens,murahiqun,Fushaa
street,sharie,Fushaa
month,shahr,Fushaa
complaint,shakwaa,Fushaa
umbrella,mizala,Fushaa
back pack,hizmat alzuhr,Fushaa
suitcase,haqibat safar,Fushaa
east,alsharq,Fushaa
company,sharika,Fushaa
fork,shawka,Fushaa
business,aemal,Fushaa
job,mihna,Fushaa
work,alshughl,Fushaa
window,nafidhat aw shibak,Fushaa
straw,qush,Fushaa
rain,matar,Fushaa
something,shayyan ma,Fushaa
window,nafidhat aw shibak,Fushaa
"you see, how it is?",turaa kayf hu?,Fushaa
left,alyasar,Fushaa
a bit,baed alshay',Fushaa
how do you know?,kayf ealimt bidhalika?,Fushaa
how do I know?,kayf 'aerifu?,Fushaa
what is there?/Whats up?,ma hu hunaka? / ma al'amra?,Fushaa
of course,bialtabe,Fushaa
how polite…,kam hi muhadhaba ...,Fushaa
How fat he/she is!!,kam hu samin !!,Fushaa
What does..mean?,madha yaeni?,Fushaa
what?,madha?,Fushaa
a bit/just a little,qalilan / qalilan faqat,Fushaa
bit (a bit),bitu (qlila),Fushaa
(a) little,(alqalil,Fushaa
shoe,hidha',Fushaa
car,jamal,Fushaa
cigarette,sijara,Fushaa
miss,yaghib,Fushaa
pieces,qitae,Fushaa
difficult,saeba,Fushaa
healthy,sihiy,Fushaa
sorry!,asfu!,Fushaa
market,suq,Fushaa
store,matjar,Fushaa
vegie market,suq alkhudar,Fushaa
sounds,asawat,Fushaa
sounds of kids,'aswat alaitfal,Fushaa
photo,surat futughrafia,Fushaa
photo of…,suratu...,Fushaa
sound,yabdu,Fushaa
special,khasun,Fushaa
heavy,thaqil,Fushaa
luxurious,fakhir,Fushaa
almost,taqribiana,Fushaa
approximatly,bishakl taqribiin,Fushaa
tired,marhaq,Fushaa
taste,almadhaq,Fushaa
taste,almadhaq,Fushaa
bed,sarir,Fushaa
below,'aqalu,Fushaa
down/ down stairs/ below,'asfal / 'asfal aldaraj / 'adnaah,Fushaa
natural/normal,tabieiun / eadi,Fushaa
normal,eadi,Fushaa
usual,muetad,Fushaa
grandma,jadati,Fushaa
fresh,tazij,Fushaa
take,yakhudh,Fushaa
Fine!,bikhayrin!,Fushaa
tasty,tayib almadhaq,Fushaa
taxi,sayaarat ajirih,Fushaa
pot,wiea'an,Fushaa
aunt,eama,Fushaa
road,tariq,Fushaa
way,tariq,Fushaa
way back,tariq aleawda,Fushaa
history,altaarikh,Fushaa
long,tawil,Fushaa
table,altaawila,Fushaa
perhaps,rubama,Fushaa
apple,tufaah,Fushaa
clothes,malabis,Fushaa
experience,khibra,Fushaa
students,altulaab,Fushaa
telephone,hatif,Fushaa
Italian man/woman,rajul 'iitaliun / amra'a,Fushaa
student,talib ealm,Fushaa
(a) walk,(mshi,Fushaa
breakfast,wajbat aftar,Fushaa
repair,yuslih,Fushaa
ticket,tadhkura,Fushaa
airplane,matar,Fushaa
trade,tijara,Fushaa
two,aithnayn,Fushaa
bathroom,dawruh almiah,Fushaa
baby,tifl,Fushaa
train,qitar,Fushaa
vacation,eutla,Fushaa
van,sayaarat naql,Fushaa
stick (automobile),easan (sayaaratun),Fushaa
I promised you,ana waeadtuk,Fushaa
You promised me,laqad waeadtni,Fushaa
and,w,Fushaa
at that time,faa dhalik altawqit,Fushaa
at that time,faa dhalik altawqit,Fushaa
back then,fi dhalik alwaqt,Fushaa
promise,yueadu,Fushaa
awake,mustayqiz,Fushaa
clear,safi,Fushaa
awake,mustayqiz,Fushaa
wide,wasie,Fushaa
"where is the bathroom, please?",ayin hu alhamam law samahtu?,Fushaa
where?,'ayn?,Fushaa
pain,alm,Fushaa
headache,sudae alraas,Fushaa
sore throat,'iltihab alhalq,Fushaa
child,tifl,Fushaa
but/however,lakin / wamae dhalik,Fushaa
however,wamae dhalik,Fushaa
papers,'awraq,Fushaa
paper/contract,waraqat / euqd,Fushaa
behind,khalf,Fushaa
flower,zahra,Fushaa
prescription,wasfat tibiya,Fushaa
prescription from the doctor,wasfat tibiyat min altabib,Fushaa
nation,al'uma,Fushaa
face,wajah,Fushaa
kids,'atfal,Fushaa
arrived (he/she),wasal (hu / hi),Fushaa
So what!,wamadha fi dhalika!,Fushaa
And if…,w 'iidha...,Fushaa
pity!,shafaqatun!,Fushaa
how terrible!,yalllfzaeuhu!,Fushaa
Eat Up! M/F/Group,'ukla! m / w / almajmuea,Fushaa
right,haqana,Fushaa
to furnish,litathith,Fushaa
oh no,'awh la,Fushaa
day,yawm,Fushaa
traffic conjestion,aihtiqan almurur,Fushaa
corner,rukn,Fushaa
bordom,burdum,Fushaa
bored (im bored),'asheur bialmalal,Fushaa
oil,naft,Fushaa
knowlegde,maerifa,Fushaa
remind me,dhakarani,Fushaa
clever,mahir,Fushaa
smart,dhakiun,Fushaa
throat,hulqum,Fushaa
era,hiqba,Fushaa
marriage,zawaj,Fushaa
husband,alzawj,Fushaa
pair,zawj,Fushaa
butter,zubada,Fushaa
same thing,nafs alshay',Fushaa
a visit,ziara,Fushaa
(a)visit,(ziara,Fushaa
is sitting/doing,2a3d/2a3di,Lebanese
firm,2aasi/2aasyi,Lebanese
tough,2aasi/2aasyi,Lebanese
coffee,2ahoui,Lebanese
moon,2amar,Lebanese
law,2anoun,Lebanese
family,2araaiib,Lebanese
relitives,2araaiib,Lebanese
close,2ariib/2ariibi,Lebanese
shortly (time),2ariiban,Lebanese
soon/close,2ariiban,Lebanese
short,2asiir/2asiiri,Lebanese
strong,2awi,Lebanese
is doing,2e3ed/2e3edi 3am,Lebanese
news,2e5baar,Lebanese
in front (of),2edaem,Lebanese
what time is it?,2edaiish esae3a?,Lebanese
leg,2ejer,Lebanese
loaf,2er8iif,Lebanese
glass,2ezaez,Lebanese
arm,2iid,Lebanese
hand,2iid,Lebanese
right hand,2iid elyamiin,Lebanese
left hand,2iid eshmael,Lebanese
sister,2o5t,Lebanese
power,2oui,Lebanese
close(ness),2ourb,Lebanese
Don't you ever../Watch out (for),2u3a,Lebanese
on/at  (but can have many other meanings),3a,Lebanese
amount,3adad,Lebanese
big amount,3adad kbiir,Lebanese
small amount,3adad sa8iir,Lebanese
Its ok/not bad/normal,3adi,Lebanese
ordinary,3adi,Lebanese
at 2,3aetnain,Lebanese
eye,3aiin,Lebanese
at least,3al2a2el,Lebanese
at least,3al2aliili,Lebanese
relationship,3alae2a,Lebanese
at 1,3alwe7di,Lebanese
I'm dying from the..,3am mout men el/e..,Lebanese
uncle,3am(dad's side)/5aal(mom's side),Lebanese
about,3an,Lebanese
on purpose,3an2ased,Lebanese
(an) offer,3ared,Lebanese
straight,3asawa,Lebanese
dinner,3asha,Lebanese
on your left,3ashmaelak/3ashmaelik,Lebanese
in the morning,3asobo7,Lebanese
out of order,3atel/3ateli,Lebanese
dark (light wise),3atem,Lebanese
at 8,3atemaeni,Lebanese
always,3atoul,Lebanese
glasses,3awainaet,Lebanese
on your right,3ayamiinak/3ayamiinik,Lebanese
on a visit,3aziaara,Lebanese
box,3elbi,Lebanese
package,3elbi,Lebanese
You have?,3endak/3endik?,Lebanese
address,3enwaen,Lebanese
title,3enwaen,Lebanese
wedding,3ers,Lebanese
life(time),3omar,Lebanese
brother,5ai,Lebanese
enough,5alas,Lebanese
that’s it/that’s enough/stop!,5alas,Lebanese
stay,5aliik/5aliilki,Lebanese
lets meet..,5allina nelta2a..,Lebanese
map,5arta,Lebanese
lettuce,5as,Lebanese
wood,5ashab,Lebanese
dangerous,5atiir,Lebanese
mr.-mister,5awaeja/monsieur (french),Lebanese
baker,5ebaez,Lebanese
bread,5ebez,Lebanese
service,5edmi,Lebanese
old man/woman,5etiaar/5etiaara,Lebanese
amazed at me ((he/she) was),5ewet/5ewtet fiiyi,Lebanese
vegetables,5odra,Lebanese
real,7a2ii2i,Lebanese
really/truthfully,7a2ii2atan,Lebanese
wall,7aait,Lebanese
pill,7abbi,Lebanese
my darling,7abiibi/7abiibiti,Lebanese
beside,7ad,Lebanese
ready,7ader/7adera,Lebanese
someone,7adi,Lebanese
does someone want…?,7adi baddu…?,Lebanese
concert/party,7afli,Lebanese
party,7afli,Lebanese
life,7aiaet,Lebanese
animal,7aiwaen/7aiiwaeni,Lebanese
right now…,7aliian…,Lebanese
milk,7aliib,Lebanese
energy/excitement,7amaes,Lebanese
forbiden,7araam,Lebanese
how forbiden (he/she/they) is/are,7araam,Lebanese
how sad!,7araam,Lebanese
you are mean!,7araam 3alaik/3alaiki!,Lebanese
fever,7araara,Lebanese
temperature,7araara,Lebanese
pregnant,7ebli,Lebanese
lovely,7elou/7eloui,Lebanese
sweet/beautiful,7elou/7eloui,Lebanese
border,7odud,Lebanese
free,7orr/7orra,Lebanese
costly,8aali/8aalyi,Lebanese
lunch,8ada,Lebanese
dark (color wise),8aeme2,Lebanese
another,8aiir,Lebanese
other (than),8aiir,Lebanese
wrong!,8alat!,Lebanese
mistake,8alta,Lebanese
mistake (from you),8alta menak/menik,Lebanese
mistake (from me),8alta menni,Lebanese
rich,8ani/8aniiyi,Lebanese
west,8areb,Lebanese
foreign,8ariib,Lebanese
strange,8ariib,Lebanese
strange,8ariib,Lebanese
strange/how strange?,8ariib,Lebanese
song,8eniiyi,Lebanese
living room,8erfet 2a3oud,Lebanese
room,8erfi,Lebanese
living room,8erfet 2e3oud,Lebanese
bedroom,8erfet nowm,Lebanese
blind,a3ma/3amia,Lebanese
give,a3ti,Lebanese
green,a5adar/5adra,Lebanese
red,a7mar,Lebanese
feeling,a7saes,Lebanese
better,a7san,Lebanese
before,abel,Lebanese
white,abiiad/baiida,Lebanese
old,adiim,Lebanese
last,ae5er,Lebanese
last thing/one,ae5er shi,Lebanese
stupid,ahbal/habla,Lebanese
yes indeed,ai akiid,Lebanese
when?/what time?,ai meta?,Lebanese
"No doubt,Sure thing!",ai shou lakaen!,Lebanese
food,akel,Lebanese
certain,akiid,Lebanese
definitely,akiid,Lebanese
sure!,akiid,Lebanese
sure??,akiid,Lebanese
German man/woman,almaani/almaaniiyi,Lebanese
American man/woman,amercaeni/amercaeniiyi,Lebanese
prince,amiir,Lebanese
(the) worst..thing,an7as…shi,Lebanese
I am free to do as I wish!,Ana 7orr/7orra!,Lebanese
I want please..,Ana baddi pliiz,Lebanese
english,anglais(french),Lebanese
bottle,annini,Lebanese
bottle of water,anninit maai,Lebanese
or,aou,Lebanese
lion,asad,Lebanese
yellow,asfar/safra,Lebanese
black,aswad/sawda,Lebanese
moterway/highway,autostrade (italian),Lebanese
You say so?,awalak/awalik,Lebanese
blue,azra2/zar2a,Lebanese
blue,azra2/zar2a,Lebanese
at,b/bi/bel/3a/3al,Lebanese
cow,ba2ara,Lebanese
after,ba3d,Lebanese
Its Early! (sarcasm when someone is late),ba3d bakiir!,Lebanese
sometimes,ba3d elaw2aet,Lebanese
afterwards/later,ba3daiin,Lebanese
cheap (person),ba5iil/ba5iili,Lebanese
beach,ba7r,Lebanese
sea,ba7r,Lebanese
dad,baba,Lebanese
father,baba,Lebanese
suit,badli,Lebanese
door,baeb,Lebanese
egg,baida,Lebanese
house,baiit,Lebanese
early,bakiir,Lebanese
out,barra,Lebanese
just/enough,bas,Lebanese
only,bas,Lebanese
unfortunately,bas lel-asaf,Lebanese
fun,baset,Lebanese
potatos,bataata,Lebanese
slow,batii2/batii2a,Lebanese
away,be3iid,Lebanese
far,be3iid,Lebanese
baby,bebai,Lebanese
inside(as in domestic),bedae5el,Lebanese
it must be!,beddu yekoun,Lebanese
without,bedoun,Lebanese
in particular,bel2a5as,Lebanese
outside(as in abroad),bel5aerej,Lebanese
especially,bela5as,Lebanese
country,belaed,Lebanese
at home,belbaiit,Lebanese
indeed,belfe3l,Lebanese
(at) night,bellail,Lebanese
in the city,belmediini,Lebanese
undergoing repair,belteslii7,Lebanese
building,benaiiyi,Lebanese
brown,benni,Lebanese
daughter/girl,bent,Lebanese
gasoline/petrol,benziin (dutch),Lebanese
fridge,beraad,Lebanese
curtain,berdaiyi,Lebanese
program,bernaemj,Lebanese
hat,bernaita,Lebanese
precisely,bezabet,Lebanese
in,bi/b,Lebanese
near,bi2orb,Lebanese
concerning,bi5esous,Lebanese
bicycle,bicyclette(french),Lebanese
beer,biira,Lebanese
card,biitaa2a,Lebanese
in the evening,belmasa,Lebanese
girl,bent,Lebanese
cat,bisi/bessi,Lebanese
exactly,bizabet,Lebanese
paint,boia,Lebanese
Good day,Bonjour(french),Lebanese
shoe,bot,Lebanese
shoes,botaat,Lebanese
tomorrow,boukra,Lebanese
excellent for you,bravo 3aliik/3aliiki,Lebanese
excellent,bravo(english),Lebanese
British man/woman,briitaani/briitaaniiyi,Lebanese
bus,bus/autobus (french),Lebanese
gift,cadeau (french),Lebanese
present,cadeau (french),Lebanese
Canadaian  man/woman,canadiaeni/canadiaeniiyi,Lebanese
hat,chapeau (french),Lebanese
shirt,chemise (french),Lebanese
chocolate,chocolat,Lebanese
cinema,cinema(english),Lebanese
computer,computer(english),Lebanese
tie,cravate (french),Lebanese
called (as in...so and so called),da2…,Lebanese
called (I called),da2ait la…,Lebanese
week (power),da3iif/da3iifi,Lebanese
gold (material),dahab,Lebanese
gold (color),dahabi/dahabiiyi,Lebanese
back,daher,Lebanese
outing,dahra,Lebanese
always,daiiman,Lebanese
necessary,darrouri/darrouriiyi,Lebanese
light,daw,Lebanese
light (brightness),daw,Lebanese
switch on,dawwer/dawwri,Lebanese
smoke (particles),de5aen,Lebanese
(a)shop,dekaen,Lebanese
supermarket,dekaen,Lebanese
studies,derous,Lebanese
commercials,dii3aiyaat,Lebanese
commercial,dii3aiyi,Lebanese
religion,diin,Lebanese
doctor,doctoor,Lebanese
against,dod,Lebanese
shower,douche(french),Lebanese
a possiblity,e7timael,Lebanese
son,ebin,Lebanese
scarf,écharpe (french),Lebanese
proposal,ektiiraa7,Lebanese
the,el or e (depending on letter that follows),Lebanese
(the) people,el3aalam,Lebanese
the world/the people,el3aalm,Lebanese
(the) family,el3aili,Lebanese
the family,el3aili,Lebanese
autumn,el5ariif,Lebanese
the others,elaa5ariin,Lebanese
first,elawal,Lebanese
the first,elawal,Lebanese
(the) human being,elensaen,Lebanese
it seems to be!,elhaii2a,Lebanese
everyone,elkel,Lebanese
except/minus,ella,Lebanese
minus,ella,Lebanese
consumer (the consumer),el-mustahlek,Lebanese
people..typically (to teach a lesson),elwaa7ad,Lebanese
today,elyoum,Lebanese
yesterday,embare7,Lebanese
wine,embiid,Lebanese
(the) people,enaes,Lebanese
you are,enak/enik,Lebanese
that,ennu,Lebanese
(the) radio,eraadio,Lebanese
the radio,eraadio,Lebanese
spring,erabii3,Lebanese
(the) time,esae3a,Lebanese
summer,esaiif,Lebanese
week (calender),esbou3,Lebanese
the sun,eshams,Lebanese
winter,esheti,Lebanese
name,esm,Lebanese
the morning,esobo7,Lebanese
Spanish man/woman,espaani/espaaniiyi,Lebanese
teacher,estaez/estaezi,Lebanese
healing/medical aid,estishfa,Lebanese
(the)weather,eta2es,Lebanese
the following,etaelyi,Lebanese
look!,etala3/etala3i,Lebanese
exam,etii7aen,Lebanese
if otherwise/if not,eza 8aiir zaelk,Lebanese
it appears to be!,ezaaher,Lebanese
poor,fa2iir/fa2iira,Lebanese
empty,faadi/faadiiyi,Lebanese
not busy/empty,faadi/faadiiyi,Lebanese
light (color),faete7,Lebanese
suddenly,faj2a,Lebanese
moth,faraashi,Lebanese
silver (material),fedda,Lebanese
silver (color),feddi/feddiiyi,Lebanese
understand?,fehemt/fehemti kiif?,Lebanese
chance,fersa,Lebanese
holiday,fersa,Lebanese
fruit,fewaeki,Lebanese
there is (available),fi,Lebanese
there is…,fi,Lebanese
service (at the service..Of),fi 5edmt,Lebanese
its possible,fi e7timael,Lebanese
in,fi/bi or f/b (depending on letter that follows),Lebanese
in case,fi7aal,Lebanese
anyway/anyhow,fikol 7aal,Lebanese
idea,fikra,Lebanese
dress,fistaan,Lebanese
above,fo2,Lebanese
up/ up stairs/ above,fo2,Lebanese
immediately,"fourran (pronounced, faw-run)",Lebanese
change (pocket change..coins),frata,Lebanese
French man/woman,frensaewi/frensaewiiyi,Lebanese
waiter/boy,garçon (french),Lebanese
cake,gâteau,Lebanese
chocolate cake,gâteau 3achocolat (french),Lebanese
carrort cake,gateau 3ajazar,Lebanese
apple cake,gateau 3atefae7,Lebanese
until…,ha7tal...,Lebanese
darling,habibi/habibti,Lebanese
goal,hadaf,Lebanese
easy,haiin,Lebanese
now,hal2,Lebanese
rights,7o2ou2,Lebanese
here,hon,Lebanese
there (over there),hounik,Lebanese
nieghbor,jaar/jaara,Lebanese
group,jamae3a,Lebanese
audience,jamhour,Lebanese
beautiful,jamiil/jamiili,Lebanese
garden,janaini,Lebanese
jacket,jaquette (french),Lebanese
newspaper,jariidi,Lebanese
an answer,jawaeb,Lebanese
carrot,jazara,Lebanese
mountains,jebael,Lebanese
cheese,jebni,Lebanese
grandpa,jeddu,Lebanese
new,jediid/jediidi,Lebanese
jedou,jedou,Lebanese
leather,jeld,Lebanese
sentence,jemli,Lebanese
south,jenoub,Lebanese
bridge,jeser,Lebanese
part,jeze2,Lebanese
get,jiib/jiibi,Lebanese
skirt,tanoura/jupe (french),Lebanese
coat,kabout,Lebanese
complete,kaemel/kaemeli,Lebanese
writer,kaetb/kaetbi,Lebanese
author,kaeteb,Lebanese
dog,kalb,Lebanese
how many?/how much?,kam?/2edaiish?,Lebanese
also,kamaen,Lebanese
as well,kamaen,Lebanese
too/also,kamaen,Lebanese
furthermore..,kamaena..,Lebanese
kind/generous,kariim/kariimi,Lebanese
cruise,kazdoura,Lebanese
big,kbiir,Lebanese
large,kbiir,Lebanese
everytime,kel marra,Lebanese
everything,kel shi,Lebanese
all/everybody,kel/elkel (depending on context),Lebanese
word,kelmi,Lebanese
all of us together!,kelna sawa!,Lebanese
chair,kersi,Lebanese
lie,kezbi,Lebanese
lie (white),kezbi baiida,Lebanese
lie (black),kezbi sawda,Lebanese
cup,kibaiiyi,Lebanese
how/how come?,kiif?,Lebanese
how?,kiif?,Lebanese
every now and then,kil maeshi wo etaeni,Lebanese
book,ktaeb,Lebanese
many/a lot,ktiir,Lebanese
much,ktiir,Lebanese
often,ktiir,Lebanese
very,ktiir,Lebanese
for,l/la/le,Lebanese
why?/for what?,la shou?,Lebanese
to/for,la/l (depending on following letter),Lebanese
No!,La2,Lebanese
mean person,la2iim/la2iimi,Lebanese
meet me at the..,la2iini 3al..,Lebanese
by him/her self,la7aalu/la7aala,Lebanese
butcher,la7aem,Lebanese
meat,la7em,Lebanese
moment,la7za,Lebanese
moment (one),la7za!,Lebanese
should/what should be,laezem,Lebanese
why?,laiish?,Lebanese
look(here)/listen up!,laik/laiki,Lebanese
night,lail,Lebanese
(a) night,laili,Lebanese
once/whenever,lamma,Lebanese
alone,lawa7du/lawa7da,Lebanese
color,lawn,Lebanese
The Country (Lebanon),lebelaed,Lebanese
Lebanese  man/woman,lebnaeni/lebnaeniiyi,Lebanese
sadly,lelasaf,Lebanese
Both/the two,letnaen,Lebanese
so/that’s why,lizaelk,Lebanese
no one,ma 7adi,Lebanese
They do not say…(It's wrong to say),Ma bi 2oulu,Lebanese
there is no…,ma fi…,Lebanese
no way!,ma momken!,Lebanese
nothing,ma shi,Lebanese
with,ma3/ma3a,Lebanese
meaning,ma3na,Lebanese
exit,ma5raj,Lebanese
station/chanel,ma7ata,Lebanese
water,maai,Lebanese
worn out,mad3ouk/mad3ouki,Lebanese
entrance,mad5al,Lebanese
opened,maftou7/maftou7a,Lebanese
dead,maiiyiet/maiiyieti,Lebanese
side,mail,Lebanese
magazine,majalli,Lebanese
famous,majhour/majhoura,Lebanese
office,maktab,Lebanese
library,maktabi,Lebanese
letter,maktoub,Lebanese
spoon,mala2a,Lebanese
mom,mama,Lebanese
mother,mama,Lebanese
nose,man5our,Lebanese
area,manta2a,Lebanese
region,manta2a,Lebanese
view/sight,manzar,Lebanese
nice sight,manzar 7elou,Lebanese
hello,mar7aba,Lebanese
period/interval,mar7ali,Lebanese
ill,mariid/mariida,Lebanese
woman,marra,Lebanese
evening,masa,Lebanese
money,masaari,Lebanese
busy,mash8oul,Lebanese
towel,manshafi,Lebanese
restaurant,mat3am,Lebanese
restaurant,mat3am,Lebanese
museum,mat7af,Lebanese
airport,mataar,Lebanese
example,matal,Lebanese
role model,matal,Lebanese
for example,matalan,Lebanese
kitchen,matba5,Lebanese
appointment,maw3ad,Lebanese
TV/(petrol) station,me7ata,Lebanese
city,mediini,Lebanese
key,meftae7,Lebanese
polite,mehazab/mehazabi,Lebanese
full/full of,meliaen/meliaeni,Lebanese
from,men,Lebanese
since,men,Lebanese
through/via,men 5iilael,Lebanese
clear (its clear),men elwaad7,Lebanese
from a while,men meddi,Lebanese
from a while,men zamaen,Lebanese
angry,menarfez/menarfezi,Lebanese
angry from me,menarfez/menarfezi meni,Lebanese
good,menii7/menii7a,Lebanese
nice/good,menii7/menii7a,Lebanese
well,menii7/menii7a,Lebanese
mirror,meraiiyi,Lebanese
thank you,merci (french),Lebanese
thank you very much,merci ktiir,Lebanese
closed,mesakar/mesakara,Lebanese
not,mesh,Lebanese
I don't mean that,Mesh 2asdi haik,Lebanese
familiar,mesh 8ariib,Lebanese
not your business,mesh she8elak/she8elik,Lebanese
problem,meshkel/meshkeli,Lebanese
crisis/problem,mesiibi,Lebanese
when,meta,Lebanese
late,met2a5r/met2a5ra,Lebanese
a while/era,meddi,Lebanese
whoever..,miin ma..,Lebanese
who?,miin?,Lebanese
hospital,mistashfa,Lebanese
just like you (in this),mitli mitlak/mitlik,Lebanese
drugs,mo5adaraat,Lebanese
shut,mo8la2,Lebanese
teacher,modares/moddaresi,Lebanese
carpet,moquette(french),Lebanese
engine,motaer,Lebanese
(a)plan,mou5atat,Lebanese
boss/director/manager,moudiir/moudiira,Lebanese
manager,moudiir/moudiira,Lebanese
citizen,mowaten/mowateni,Lebanese
occasion,munaesebi,Lebanese
music,musii2a,Lebanese
yes/ya,na3am (formal) /ai,Lebanese
evil,na7es,Lebanese
fat man/women,naase7/naase7a,Lebanese
soft,nae3m/nae3mi,Lebanese
dry,naeshef/naeshefi,Lebanese
(a) wait,natra,Lebanese
because,ne2en,Lebanese
argument,nii2aesh,Lebanese
end,niihaiiyi,Lebanese
order (law),niizaam,Lebanese
half,nos,Lebanese
orange,oronj,Lebanese
pants,pantalon (french/italian),Lebanese
trousers,pantalon (french/italian),Lebanese
excuse me,pardon (french),Lebanese
wig,perruque(french),Lebanese
pool,piscine (french),Lebanese
please,pliiz (englsih),Lebanese
number,ra2em,Lebanese
cheap (product),ra5iis,Lebanese
pleasure,ra7a,Lebanese
head,raas,Lebanese
potato,raas bataata,Lebanese
drawing,rasmi,Lebanese
thin,re2ii2/re2ii2i,Lebanese
cheap price,re5iis/re5iisa,Lebanese
journey,re7li,Lebanese
quarter of an hour,reb3 sae3a,Lebanese
reaction,redet fe3l,Lebanese
friends,ref2a,Lebanese
friend,refii2/refii2a,Lebanese
man,rejael,Lebanese
friends,rifa2,Lebanese
message,riisaeli,Lebanese
note,riisaeli,Lebanese
sport,riiyaada,Lebanese
sporty,riiyaadi,Lebanese
go,rou7/rou7i,Lebanese
Russian man/woman,rusi/rusiiyi,Lebanese
ask (he/she),sa2al/sa2alt,Lebanese
ceiling,sa2ef,Lebanese
roof,sa2ef,Lebanese
piece,sha2fi,Lebanese
correct,sa7,Lebanese
right (that's),sa7,Lebanese
true/correct,sa7,Lebanese
plate,sa7en,Lebanese
small,sa8iir/sa8iiri,Lebanese
Good morning,saba7 el5aiir,Lebanese
boy,sabi,Lebanese
clock,sae3a,Lebanese
clock/watch,sae3a,Lebanese
hour,sae3a,Lebanese
watch,sae3a,Lebanese
classroom,saf,Lebanese
queue,saf,Lebanese
school class/queue,saf,Lebanese
travel/a trip,safar,Lebanese
staying up late,sahar,Lebanese
flat land,sahel,Lebanese
late night party/outing,sahra,Lebanese
bad,saii2,Lebanese
traffic,saiir,Lebanese
tree,sajara,Lebanese
salad,salata,Lebanese
fish,samak,Lebanese
fast,sarii3/sarii3a,Lebanese
quick,sarii3/sarii3a,Lebanese
quickly,sarii3an,Lebanese
together,sawa,Lebanese
suger,sekar,Lebanese
knife,sekiin,Lebanese
thick,semiik/semiiki,Lebanese
north,shmmael,Lebanese
year,seni,Lebanese
thief,serae2/serae2i,Lebanese
hair,sha3r,Lebanese
person,sha5es,Lebanese
boat,sha5tuura,Lebanese
ship,sha5tuura,Lebanese
tea,shaai,Lebanese
tea,shaai,Lebanese
teen,shab/sabiiyi,Lebanese
teen,shab/sabiiyi,Lebanese
teens,shabaeb/sabaaia,Lebanese
street,shaer3,Lebanese
month,shaher,Lebanese
complaint,shakwa,Lebanese
umbrella,shamsiiyi,Lebanese
back pack,shanta,Lebanese
suitcase,shanta,Lebanese
east,share2,Lebanese
company,shariki,Lebanese
fork,shawki,Lebanese
business,she8el,Lebanese
job,she8el,Lebanese
work,she8el,Lebanese
window,shebaek,Lebanese
straw,sheliimoni,Lebanese
rain,sheti,Lebanese
something,shi,Lebanese
window,shibaek,Lebanese
"you see, how it is?",shifet kiif?/shifeti kiif?,Lebanese
left,shmael,Lebanese
a bit,shouai,Lebanese
how do you know?,shou 3arafak?/shou 3arafik?,Lebanese
how do I know?,shou 3arafni?,Lebanese
what is there?/Whats up?,shou fi?,Lebanese
of course,shou lakaen!,Lebanese
how polite…,shou mehazab/mehazabi,Lebanese
How fat he/she is!!,Shou naase7/naase7a!!,Lebanese
What does..mean?,shou ya3ni?,Lebanese
what?,"shou?/ai?/kiif? (Yes, how can used with right tone!)",Lebanese
a bit/just a little,shouai,Lebanese
bit (a bit),shouai,Lebanese
(a) little,shouai,Lebanese
shoe,sibaat,Lebanese
car,siiara/makana,Lebanese
cigarette,siigaara,Lebanese
miss,sit or madame (french),Lebanese
pieces,sho2af,Lebanese
difficult,so3b/so3bi,Lebanese
healthy,so7i,Lebanese
sorry!,sorry! (english),Lebanese
market,sou2,Lebanese
store,sou2,Lebanese
vegie market,sou2 el5edra,Lebanese
sounds,souaat,Lebanese
sounds of kids,souaat welaed,Lebanese
photo,soura,Lebanese
photo of…,soura 3an…,Lebanese
sound,sout,Lebanese
special,special (french),Lebanese
heavy,ta2iil/ta2iili,Lebanese
luxurious,ta2iil/ta2iili,Lebanese
almost,ta2riiban,Lebanese
approximatly,ta2riiban,Lebanese
tired,ta3baen/ta3baeni,Lebanese
taste,ta3m,Lebanese
taste,ta3mi,Lebanese
bed,ta5et,Lebanese
below,ta7et,Lebanese
down/ down stairs/ below,ta7et,Lebanese
natural/normal,tabii3i/tabii3iiyi,Lebanese
normal,tabii3i/tabii3iiyi,Lebanese
usual,tabii3i/tabii3iiyi,Lebanese
grandma,taeta,Lebanese
fresh,taeza,Lebanese
take,tafadal/tafadali,Lebanese
Fine!,taiieb ok!,Lebanese
tasty,taiieb/taiiebi,Lebanese
taxi,taksi,Lebanese
pot,tanjara,Lebanese
aunt,tante (french),Lebanese
road,tarii2,Lebanese
way,tarii2,Lebanese
way back,tarii2 eraj3a,Lebanese
history,tarii5,Lebanese
long,tawiil/tawiili,Lebanese
table,tawli,Lebanese
perhaps,te5miin,Lebanese
apple,tefae7a,Lebanese
clothes,teiaeb,Lebanese
experience,tejrobi,Lebanese
students,telamiiz,Lebanese
telephone,telefon,Lebanese
Italian man/woman,teliani/telianiiyi,Lebanese
student,telmiiz/telmiizi,Lebanese
(a) walk,temshaiiyi,Lebanese
breakfast,terwii2a,Lebanese
repair,teslii7,Lebanese
ticket,ticket(english),Lebanese
airplane,tiiara,Lebanese
trade,tiijaara,Lebanese
two,tnaen,Lebanese
bathroom,toailet,Lebanese
baby,tofol,Lebanese
train,train (french),Lebanese
vacation,vacances (french),Lebanese
van,vaen,Lebanese
stick (automobile),viitaes,Lebanese
I promised you,w3adtak/w3adtik,Lebanese
You promised me,w3adtni/w3adtini,Lebanese
and,wa,Lebanese
at that time,wa2ta,Lebanese
at that time,wa2ta,Lebanese
back then,wa2ta,Lebanese
promise,wa3d,Lebanese
awake,wa3i/wa3yi,Lebanese
clear,waad7/waad7a,Lebanese
awake,wae3i/wae3iiyi,Lebanese
wide,waese3,Lebanese
"where is the bathroom, please?",waiin etoailet pliiz?,Lebanese
where?,waiin?,Lebanese
pain,waja3,Lebanese
headache,waja3 raas,Lebanese
sore throat,waja3 zala3iim,Lebanese
child,walad,Lebanese
but/however,walaeken,Lebanese
however,walaeken,Lebanese
papers,war2,Lebanese
paper/contract,war2a,Lebanese
behind,wara,Lebanese
flower,wardi,Lebanese
prescription,wasfi,Lebanese
prescription from the doctor,wasfi men edoctoor,Lebanese
nation,watan,Lebanese
face,wej,Lebanese
kids,welaed,Lebanese
arrived (he/she),wesl/weslt,Lebanese
So what!,wo2eza!,Lebanese
And if…,wo2eza…,Lebanese
pity!,ya 7aram!,Lebanese
how terrible!,ya te3tiiri!,Lebanese
Eat Up! M/F/Group,Yalla kol/keli/kelo!,Lebanese
right,yamiin,Lebanese
to furnish,yefrosh/tefrosh,Lebanese
oh no,yii,Lebanese
day,youm,Lebanese
traffic conjestion,za7met saiir,Lebanese
corner,zaewiyi,Lebanese
bordom,zaha2,Lebanese
bored (im bored),zaha2aen/zaha2aeni,Lebanese
oil,zaiit,Lebanese
knowlegde,zaka,Lebanese
remind me,zakerni/zakriini,Lebanese
clever,zaki/zakiiyi,Lebanese
smart,zaki/zakiiyi,Lebanese
throat,zal3oum,Lebanese
era,zaman,Lebanese
marriage,zawaej,Lebanese
husband,zawj,Lebanese
pair,zawj,Lebanese
butter,zebdi,Lebanese
same thing,zet elshi,Lebanese
a visit,ziaara,Lebanese
(a)visit,ziiaara,Lebanese